{
    "experiment_config": {
        "device": "cuda",
        "data_loading_option": "diffusion",
        "model_type": "GCN",
        "dataset": "Citeseer",
        "num_clients": 10,
        "beta": 1,
        "hop": 1,
        "fulltraining_flag": false
    },
    "rounds": [
        {
            "round": 1,
            "global_result": 0.654,
            "client_result": 0.6144166445574542
        },
        {
            "round": 2,
            "global_result": 0.653,
            "client_result": 0.6228755858966747
        }
    ],
    "summary": {
        "global_results": [
            0.654,
            0.653
        ],
        "client_results": [
            0.6144166445574542,
            0.6228755858966747
        ],
        "average_global_result": 0.6535,
        "average_client_result": 0.6186461152270644,
        "std_global": 0.0005000000000000004,
        "std_client": 0.004229470669610269
    }
}