{
    "experiment_config": {
        "device": "cuda",
        "data_loading_option": "diffusion",
        "model_type": "GCN",
        "dataset": "Citeseer",
        "num_clients": 10,
        "beta": 1,
        "hop": 1,
        "fulltraining_flag": false
    },
    "rounds": [
        {
            "round": 1,
            "global_result": 0.703,
            "client_result": 0.667097797963548
        },
        {
            "round": 2,
            "global_result": 0.695,
            "client_result": 0.6738515563959471
        }
    ],
    "summary": {
        "global_results": [
            0.703,
            0.695
        ],
        "client_results": [
            0.667097797963548,
            0.6738515563959471
        ],
        "average_global_result": 0.699,
        "average_client_result": 0.6704746771797475,
        "std_global": 0.0040000000000000036,
        "std_client": 0.0033768792161995576
    }
}