{
    "experiment_config": {
        "device": "cuda",
        "data_loading_option": "zero",
        "model_type": "GCN",
        "dataset": "Cora",
        "num_clients": 10,
        "beta": 1000,
        "hop": 1,
        "fulltraining_flag": true
    },
    "rounds": [
        {
            "round": 1,
            "global_result": 0.232,
            "client_result": 0.07567703461616912
        },
        {
            "round": 2,
            "global_result": 0.21,
            "client_result": 0.07495771927392743
        },
        {
            "round": 3,
            "global_result": 0.21,
            "client_result": 0.04151253817153082
        }
    ],
    "summary": {
        "global_results": [
            0.232,
            0.21,
            0.21
        ],
        "client_results": [
            0.07567703461616912,
            0.07495771927392743,
            0.04151253817153082
        ],
        "average_global_result": 0.21733333333333335,
        "average_client_result": 0.0640490973538758,
        "std_global": 0.010370899457402705,
        "std_client": 0.015938459324851093
    }
}