{
    "experiment_config": {
        "device": "cuda",
        "data_loading_option": "full",
        "model_type": "GCN",
        "dataset": "Cora",
        "num_clients": 10,
        "beta": 1,
        "hop": 1,
        "fulltraining_flag": false
    },
    "rounds": [
        {
            "round": 1,
            "global_result": 0.728,
            "client_result": 0.7387889981028166
        },
        {
            "round": 2,
            "global_result": 0.729,
            "client_result": 0.7376018149331894
        }
    ],
    "summary": {
        "global_results": [
            0.728,
            0.729
        ],
        "client_results": [
            0.7387889981028166,
            0.7376018149331894
        ],
        "average_global_result": 0.7284999999999999,
        "average_client_result": 0.738195406518003,
        "std_global": 0.0005000000000000004,
        "std_client": 0.0005935915848135909
    }
}