{
    "experiment_config": {
        "device": "cuda",
        "data_loading_option": "adjacency",
        "model_type": "GCN",
        "dataset": "Cora",
        "num_clients": 10,
        "beta": 1,
        "hop": 1,
        "fulltraining_flag": false
    },
    "rounds": [
        {
            "round": 1,
            "global_result": 0.712,
            "client_result": 0.6785204479583632
        },
        {
            "round": 2,
            "global_result": 0.699,
            "client_result": 0.6634439197748564
        }
    ],
    "summary": {
        "global_results": [
            0.712,
            0.699
        ],
        "client_results": [
            0.6785204479583632,
            0.6634439197748564
        ],
        "average_global_result": 0.7055,
        "average_client_result": 0.6709821838666098,
        "std_global": 0.006500000000000006,
        "std_client": 0.007538264091753399
    }
}