{
    "experiment_config": {
        "device": "cuda",
        "data_loading_option": "diffusion",
        "model_type": "GCN",
        "dataset": "Cora",
        "num_clients": 10,
        "beta": 1000,
        "hop": 1,
        "fulltraining_flag": true
    },
    "rounds": [
        {
            "round": 1,
            "global_result": 0.744,
            "client_result": 0.18476006371873285
        },
        {
            "round": 2,
            "global_result": 0.706,
            "client_result": 0.17477269194759373
        },
        {
            "round": 3,
            "global_result": 0.738,
            "client_result": 0.18214037092539406
        }
    ],
    "summary": {
        "global_results": [
            0.744,
            0.706,
            0.738
        ],
        "client_results": [
            0.18476006371873285,
            0.17477269194759373,
            0.18214037092539406
        ],
        "average_global_result": 0.7293333333333333,
        "average_client_result": 0.18055770886390687,
        "std_global": 0.016679994670929087,
        "std_client": 0.004228121184355196
    }
}