{
    "experiment_config": {
        "device": "cuda",
        "data_loading_option": "zero",
        "model_type": "GCN",
        "dataset": "Pubmed",
        "num_clients": 10,
        "beta": 1,
        "hop": 1,
        "fulltraining_flag": false
    },
    "rounds": [
        {
            "round": 1,
            "global_result": 0.48,
            "client_result": 0.3304953204857715
        },
        {
            "round": 2,
            "global_result": 0.458,
            "client_result": 0.3421690465929602
        }
    ],
    "summary": {
        "global_results": [
            0.48,
            0.458
        ],
        "client_results": [
            0.3304953204857715,
            0.3421690465929602
        ],
        "average_global_result": 0.469,
        "average_client_result": 0.3363321835393659,
        "std_global": 0.010999999999999982,
        "std_client": 0.005836863053594349
    }
}