{
    "experiment_config": {
        "device": "cuda",
        "data_loading_option": "adjacency",
        "model_type": "GCN",
        "dataset": "Citeseer",
        "num_clients": 10,
        "beta": 1000,
        "hop": 1,
        "fulltraining_flag": true
    },
    "rounds": [
        {
            "round": 1,
            "global_result": 0.195,
            "client_result": 0.07004370804473281
        },
        {
            "round": 2,
            "global_result": 0.244,
            "client_result": 0.052204963787386836
        },
        {
            "round": 3,
            "global_result": 0.195,
            "client_result": 0.07189964881963233
        }
    ],
    "summary": {
        "global_results": [
            0.195,
            0.244,
            0.195
        ],
        "client_results": [
            0.07004370804473281,
            0.052204963787386836,
            0.07189964881963233
        ],
        "average_global_result": 0.21133333333333335,
        "average_client_result": 0.06471610688391732,
        "std_global": 0.023098821518760547,
        "std_client": 0.008879101126667443
    }
}