{
    "experiment_config": {
        "device": "cuda",
        "data_loading_option": "full",
        "model_type": "GCN",
        "dataset": "Pubmed",
        "num_clients": 10,
        "beta": 1,
        "hop": 1,
        "fulltraining_flag": false
    },
    "rounds": [
        {
            "round": 1,
            "global_result": 0.575,
            "client_result": 0.584724819270057
        },
        {
            "round": 2,
            "global_result": 0.572,
            "client_result": 0.5777291873675929
        }
    ],
    "summary": {
        "global_results": [
            0.575,
            0.572
        ],
        "client_results": [
            0.584724819270057,
            0.5777291873675929
        ],
        "average_global_result": 0.5734999999999999,
        "average_client_result": 0.5812270033188249,
        "std_global": 0.0015000000000000013,
        "std_client": 0.003497815951232053
    }
}