{
    "experiment_config": {
        "device": "cuda",
        "data_loading_option": "diffusion",
        "model_type": "GCN",
        "dataset": "Cora",
        "num_clients": 10,
        "beta": 1000,
        "hop": 1,
        "fulltraining_flag": true
    },
    "rounds": [
        {
            "round": 1,
            "global_result": 0.737,
            "client_result": 0.18291967562320474
        },
        {
            "round": 2,
            "global_result": 0.702,
            "client_result": 0.17314543592884424
        },
        {
            "round": 3,
            "global_result": 0.666,
            "client_result": 0.1601117126631221
        }
    ],
    "summary": {
        "global_results": [
            0.737,
            0.702,
            0.666
        ],
        "client_results": [
            0.18291967562320474,
            0.17314543592884424,
            0.1601117126631221
        ],
        "average_global_result": 0.7016666666666667,
        "average_client_result": 0.17205894140505704,
        "std_global": 0.028986586936412866,
        "std_client": 0.009342952651055236
    }
}