,client_id,training_losses,training_accuracies,validation_losses,epochs_data
0,0,[1.9461305141448975],[0.2247191011235955],[],"[{'epoch': 0, 'round': 0, 'loss': 1.9461305141448975, 'accuracy': 0.2247191011235955}]"
1,1,[1.9478394985198975],[0.0392156862745098],[],"[{'epoch': 0, 'round': 0, 'loss': 1.9478394985198975, 'accuracy': 0.0392156862745098}]"
