,client_id,training_losses,training_accuracies,validation_losses,epochs_data
0,0,[1.9482156038284302],[0.11235955056179775],[],"[{'epoch': 0, 'round': 0, 'loss': 1.9482156038284302, 'accuracy': 0.11235955056179775}]"
1,1,[1.9421179294586182],[0.2549019607843137],[],"[{'epoch': 0, 'round': 0, 'loss': 1.9421179294586182, 'accuracy': 0.2549019607843137}]"
