,client_id,training_losses,training_accuracies
0,0,"[1.9477370977401733, 1.9182759523391724, 1.8911868333816528, 1.859897494316101, 1.829142451286316, 1.793306827545166]","[0.16129032258064516, 0.2903225806451613, 0.41935483870967744, 0.47580645161290325, 0.5645161290322581, 0.5725806451612904]"
1,1,"[1.947410225868225, 1.917822003364563, 1.8909549713134766, 1.8603148460388184, 1.8302513360977173, 1.7957193851470947]","[0.13533834586466165, 0.2932330827067669, 0.37593984962406013, 0.5112781954887218, 0.5413533834586466, 0.6015037593984962]"
