,client_id,training_losses,training_accuracies,validation_losses,epochs_data
0,0,"[1.9625780582427979, 1.905289649963379, 1.8990000486373901, 1.892117977142334, 1.84267258644104, 1.7965171337127686]","[0.07575757575757576, 0.22727272727272727, 0.18181818181818182, 0.25757575757575757, 0.24242424242424243, 0.25757575757575757]",[],"[{'epoch': 0, 'round': 0, 'loss': 1.9625780582427979, 'accuracy': 0.07575757575757576}, {'epoch': 1, 'round': 0, 'loss': 1.905289649963379, 'accuracy': 0.22727272727272727}, {'epoch': 2, 'round': 0, 'loss': 1.8990000486373901, 'accuracy': 0.18181818181818182}, {'epoch': 0, 'round': 1, 'loss': 1.892117977142334, 'accuracy': 0.25757575757575757}, {'epoch': 1, 'round': 1, 'loss': 1.84267258644104, 'accuracy': 0.24242424242424243}, {'epoch': 2, 'round': 1, 'loss': 1.7965171337127686, 'accuracy': 0.25757575757575757}]"
1,1,"[1.9494750499725342, 1.9303196668624878, 1.895882248878479, 1.8984570503234863, 1.8473234176635742, 1.8330934047698975]","[0.12162162162162163, 0.17567567567567569, 0.33783783783783783, 0.22972972972972974, 0.4189189189189189, 0.35135135135135137]",[],"[{'epoch': 0, 'round': 0, 'loss': 1.9494750499725342, 'accuracy': 0.12162162162162163}, {'epoch': 1, 'round': 0, 'loss': 1.9303196668624878, 'accuracy': 0.17567567567567569}, {'epoch': 2, 'round': 0, 'loss': 1.895882248878479, 'accuracy': 0.33783783783783783}, {'epoch': 0, 'round': 1, 'loss': 1.8984570503234863, 'accuracy': 0.22972972972972974}, {'epoch': 1, 'round': 1, 'loss': 1.8473234176635742, 'accuracy': 0.4189189189189189}, {'epoch': 2, 'round': 1, 'loss': 1.8330934047698975, 'accuracy': 0.35135135135135137}]"
