,client_id,training_losses,training_accuracies,validation_losses,epochs_data
0,0,[1.9457213878631592],[0.19101123595505617],[],"[{'epoch': 0, 'round': 0, 'loss': 1.9457213878631592, 'accuracy': 0.19101123595505617}]"
1,1,[1.9449379444122314],[0.23529411764705882],[],"[{'epoch': 0, 'round': 0, 'loss': 1.9449379444122314, 'accuracy': 0.23529411764705882}]"
