,client_id,training_losses,training_accuracies,validation_losses,epochs_data
0,0,[1.9455887079238892],[0.19101123595505617],[],"[{'epoch': 0, 'round': 0, 'loss': 1.9455887079238892, 'accuracy': 0.19101123595505617}]"
1,1,[1.94527268409729],[0.0784313725490196],[],"[{'epoch': 0, 'round': 0, 'loss': 1.94527268409729, 'accuracy': 0.0784313725490196}]"
