,client_id,training_losses,training_accuracies,validation_losses,epochs_data
0,0,[1.945792555809021],[0.12359550561797752],[],"[{'epoch': 0, 'round': 0, 'loss': 1.945792555809021, 'accuracy': 0.12359550561797752}]"
1,1,[1.9454350471496582],[0.2549019607843137],[],"[{'epoch': 0, 'round': 0, 'loss': 1.9454350471496582, 'accuracy': 0.2549019607843137}]"
