,client_id,training_losses,training_accuracies,validation_losses,epochs_data
0,0,[1.9452182054519653],[0.3146067415730337],[],"[{'epoch': 0, 'round': 0, 'loss': 1.9452182054519653, 'accuracy': 0.3146067415730337}]"
1,1,[1.9473003149032593],[0.058823529411764705],[],"[{'epoch': 0, 'round': 0, 'loss': 1.9473003149032593, 'accuracy': 0.058823529411764705}]"
