,client_id,training_losses,training_accuracies,validation_losses,epochs_data
0,0,[1.9422646760940552],[0.10606060606060606],[],"[{'epoch': 0, 'round': 0, 'loss': 1.9422646760940552, 'accuracy': 0.10606060606060606}]"
1,1,[1.9609564542770386],[0.17567567567567569],[],"[{'epoch': 0, 'round': 0, 'loss': 1.9609564542770386, 'accuracy': 0.17567567567567569}]"
