{
    "experiment_config": {
        "device": "cuda",
        "data_loading_option": "adjacency",
        "model_type": "GCN",
        "dataset": "Citeseer",
        "num_clients": 10,
        "beta": 1,
        "hop": 1,
        "fulltraining_flag": false
    },
    "rounds": [
        {
            "round": 1,
            "global_result": 0.692,
            "client_result": 0.6599882354550334
        },
        {
            "round": 2,
            "global_result": 0.702,
            "client_result": 0.6713012677324167
        }
    ],
    "summary": {
        "global_results": [
            0.692,
            0.702
        ],
        "client_results": [
            0.6599882354550334,
            0.6713012677324167
        ],
        "average_global_result": 0.697,
        "average_client_result": 0.665644751593725,
        "std_global": 0.0050000000000000044,
        "std_client": 0.00565651613869167
    }
}