{
    "experiment_config": {
        "device": "cuda",
        "data_loading_option": "zero_hop",
        "model_type": "GCN",
        "dataset": "Cora",
        "num_clients": 10,
        "beta": 1000,
        "hop": 1,
        "fulltraining_flag": true
    },
    "rounds": [
        {
            "round": 1,
            "global_result": 0.7,
            "client_result": 0.5390599171342647
        },
        {
            "round": 2,
            "global_result": 0.753,
            "client_result": 0.5816563232436305
        },
        {
            "round": 3,
            "global_result": 0.682,
            "client_result": 0.5271888601876414
        }
    ],
    "summary": {
        "global_results": [
            0.7,
            0.753,
            0.682
        ],
        "client_results": [
            0.5390599171342647,
            0.5816563232436305,
            0.5271888601876414
        ],
        "average_global_result": 0.7116666666666666,
        "average_client_result": 0.5493017001885122,
        "std_global": 0.03013672547278854,
        "std_client": 0.023385846475116615
    }
}