{
    "experiment_config": {
        "device": "cuda",
        "data_loading_option": "zero_hop",
        "model_type": "GCN",
        "dataset": "Cora",
        "num_clients": 10,
        "beta": 10000,
        "hop": 1,
        "fulltraining_flag": false
    },
    "rounds": [
        {
            "round": 1,
            "global_result": 0.732,
            "client_result": 0.5651086526487351
        },
        {
            "round": 2,
            "global_result": 0.693,
            "client_result": 0.5444176952108631
        }
    ],
    "summary": {
        "global_results": [
            0.732,
            0.693
        ],
        "client_results": [
            0.5651086526487351,
            0.5444176952108631
        ],
        "average_global_result": 0.7124999999999999,
        "average_client_result": 0.5547631739297991,
        "std_global": 0.019500000000000017,
        "std_client": 0.010345478718935985
    }
}