{
    "experiment_config": {
        "device": "cuda",
        "data_loading_option": "diffusion",
        "model_type": "GCN",
        "dataset": "Cora",
        "num_clients": 10,
        "beta": 1000,
        "hop": 1,
        "fulltraining_flag": true
    },
    "rounds": [
        {
            "round": 1,
            "global_result": 0.224,
            "client_result": 0.05112273046194125
        },
        {
            "round": 2,
            "global_result": 0.243,
            "client_result": 0.06731634016288822
        },
        {
            "round": 3,
            "global_result": 0.228,
            "client_result": 0.05247311064887548
        }
    ],
    "summary": {
        "global_results": [
            0.224,
            0.243,
            0.228
        ],
        "client_results": [
            0.05112273046194125,
            0.06731634016288822,
            0.05247311064887548
        ],
        "average_global_result": 0.23166666666666666,
        "average_client_result": 0.056970727091234984,
        "std_global": 0.00817856276425686,
        "std_client": 0.0073361962911574225
    }
}