{
    "experiment_config": {
        "device": "cuda",
        "data_loading_option": "zero_hop",
        "model_type": "GCN",
        "dataset": "Citeseer",
        "num_clients": 10,
        "beta": 1000,
        "hop": 1,
        "fulltraining_flag": true
    },
    "rounds": [
        {
            "round": 1,
            "global_result": 0.251,
            "client_result": 0.16005393630287054
        },
        {
            "round": 2,
            "global_result": 0.22,
            "client_result": 0.16005393630287054
        },
        {
            "round": 3,
            "global_result": 0.205,
            "client_result": 0.16005393630287054
        }
    ],
    "summary": {
        "global_results": [
            0.251,
            0.22,
            0.205
        ],
        "client_results": [
            0.16005393630287054,
            0.16005393630287054,
            0.16005393630287054
        ],
        "average_global_result": 0.2253333333333333,
        "average_client_result": 0.16005393630287054,
        "std_global": 0.01915434386474486,
        "std_client": 0.0
    }
}