{
    "experiment_config": {
        "device": "cuda",
        "data_loading_option": "propagation",
        "model_type": "GCN",
        "dataset": "Pubmed",
        "num_clients": 10,
        "beta": 1000,
        "hop": 1,
        "fulltraining_flag": true
    },
    "rounds": [
        {
            "round": 1,
            "global_result": 0.376,
            "client_result": 0.10160192567144706
        },
        {
            "round": 2,
            "global_result": 0.281,
            "client_result": 0.05854029870051447
        },
        {
            "round": 3,
            "global_result": 0.386,
            "client_result": 0.0949607899243991
        }
    ],
    "summary": {
        "global_results": [
            0.376,
            0.281,
            0.386
        ],
        "client_results": [
            0.10160192567144706,
            0.05854029870051447,
            0.0949607899243991
        ],
        "average_global_result": 0.34766666666666673,
        "average_client_result": 0.08503433809878687,
        "std_global": 0.04731689855526129,
        "std_client": 0.01892928531368943
    }
}