{
    "experiment_config": {
        "device": "cuda",
        "data_loading_option": "zero_hop",
        "model_type": "GCN",
        "dataset": "Cora",
        "num_clients": 10,
        "beta": 1000,
        "hop": 1,
        "fulltraining_flag": true
    },
    "rounds": [
        {
            "round": 1,
            "global_result": 0.279,
            "client_result": 0.3275048365036116
        },
        {
            "round": 2,
            "global_result": 0.246,
            "client_result": 0.1753738147261808
        },
        {
            "round": 3,
            "global_result": 0.246,
            "client_result": 0.3162870101153016
        }
    ],
    "summary": {
        "global_results": [
            0.279,
            0.246,
            0.246
        ],
        "client_results": [
            0.3275048365036116,
            0.1753738147261808,
            0.3162870101153016
        ],
        "average_global_result": 0.257,
        "average_client_result": 0.27305522044836467,
        "std_global": 0.01555634918610406,
        "std_client": 0.06922284148610673
    }
}