{
    "experiment_config": {
        "device": "cuda",
        "data_loading_option": "random_walk",
        "model_type": "GCN",
        "dataset": "Citeseer",
        "num_clients": 10,
        "beta": 1000,
        "hop": 1,
        "fulltraining_flag": true
    },
    "rounds": [
        {
            "round": 1,
            "global_result": 0.233,
            "client_result": 0.05154586376245378
        },
        {
            "round": 2,
            "global_result": 0.215,
            "client_result": 0.05218511007787796
        },
        {
            "round": 3,
            "global_result": 0.195,
            "client_result": 0.04992522179872563
        }
    ],
    "summary": {
        "global_results": [
            0.233,
            0.215,
            0.195
        ],
        "client_results": [
            0.05154586376245378,
            0.05218511007787796,
            0.04992522179872563
        ],
        "average_global_result": 0.21433333333333335,
        "average_client_result": 0.051218731879685786,
        "std_global": 0.015520595635763756,
        "std_client": 0.0009511520068159501
    }
}