{
    "experiment_config": {
        "device": "cuda",
        "data_loading_option": "propagation",
        "model_type": "GCN",
        "dataset": "Citeseer",
        "num_clients": 10,
        "beta": 10000,
        "hop": 1,
        "fulltraining_flag": false
    },
    "rounds": [
        {
            "round": 1,
            "global_result": 0.612,
            "client_result": 0.4712490106940696
        },
        {
            "round": 2,
            "global_result": 0.664,
            "client_result": 0.4926657031062251
        }
    ],
    "summary": {
        "global_results": [
            0.612,
            0.664
        ],
        "client_results": [
            0.4712490106940696,
            0.4926657031062251
        ],
        "average_global_result": 0.638,
        "average_client_result": 0.48195735690014735,
        "std_global": 0.026000000000000023,
        "std_client": 0.010708346206077746
    }
}