{
    "experiment_config": {
        "device": "cuda",
        "data_loading_option": "adjacency",
        "model_type": "GCN",
        "dataset": "Pubmed",
        "num_clients": 10,
        "beta": 1000,
        "hop": 1,
        "fulltraining_flag": true
    },
    "rounds": [
        {
            "round": 1,
            "global_result": 0.386,
            "client_result": 0.1064436160874173
        },
        {
            "round": 2,
            "global_result": 0.374,
            "client_result": 0.10090105103603382
        },
        {
            "round": 3,
            "global_result": 0.255,
            "client_result": 0.07749168797259463
        }
    ],
    "summary": {
        "global_results": [
            0.386,
            0.374,
            0.255
        ],
        "client_results": [
            0.1064436160874173,
            0.10090105103603382,
            0.07749168797259463
        ],
        "average_global_result": 0.3383333333333334,
        "average_client_result": 0.09494545169868192,
        "std_global": 0.05912886116121485,
        "std_client": 0.012547387722596939
    }
}