{
    "experiment_config": {
        "device": "cuda",
        "data_loading_option": "zero_hop",
        "model_type": "GCN",
        "dataset": "Cora",
        "num_clients": 10,
        "beta": 10000,
        "hop": 1,
        "fulltraining_flag": false
    },
    "rounds": [
        {
            "round": 1,
            "global_result": 0.739,
            "client_result": 0.576901182155039
        },
        {
            "round": 2,
            "global_result": 0.703,
            "client_result": 0.5416764094657431
        }
    ],
    "summary": {
        "global_results": [
            0.739,
            0.703
        ],
        "client_results": [
            0.576901182155039,
            0.5416764094657431
        ],
        "average_global_result": 0.721,
        "average_client_result": 0.5592887958103911,
        "std_global": 0.018000000000000016,
        "std_client": 0.017612386344647957
    }
}