{
    "experiment_config": {
        "device": "cuda",
        "data_loading_option": "adjacency",
        "model_type": "GCN",
        "dataset": "Cora",
        "num_clients": 10,
        "beta": 0.001,
        "hop": 1,
        "fulltraining_flag": false
    },
    "rounds": [
        {
            "round": 1,
            "global_result": 0.82,
            "client_result": 0.8851155687893254
        },
        {
            "round": 2,
            "global_result": 0.811,
            "client_result": 0.8757142715672144
        },
        {
            "round": 3,
            "global_result": 0.818,
            "client_result": 0.8935203436284223
        }
    ],
    "summary": {
        "global_results": [
            0.82,
            0.811,
            0.818
        ],
        "client_results": [
            0.8851155687893254,
            0.8757142715672144,
            0.8935203436284223
        ],
        "average_global_result": 0.8163333333333332,
        "average_client_result": 0.884783394661654,
        "std_global": 0.0038586123009300274,
        "std_client": 0.007273092203483222
    }
}