{
    "experiment_config": {
        "device": "cuda",
        "data_loading_option": "adjacency",
        "model_type": "GCN",
        "dataset": "Cora",
        "num_clients": 10,
        "beta": 1000,
        "hop": 1,
        "fulltraining_flag": true
    },
    "rounds": [
        {
            "round": 1,
            "global_result": 0.195,
            "client_result": 0.0680754408657737
        },
        {
            "round": 2,
            "global_result": 0.342,
            "client_result": 0.08744567886803091
        },
        {
            "round": 3,
            "global_result": 0.333,
            "client_result": 0.06178287609759586
        }
    ],
    "summary": {
        "global_results": [
            0.195,
            0.342,
            0.333
        ],
        "client_results": [
            0.0680754408657737,
            0.08744567886803091,
            0.06178287609759586
        ],
        "average_global_result": 0.29000000000000004,
        "average_client_result": 0.07243466527713349,
        "std_global": 0.06727555276621665,
        "std_client": 0.010920836036678039
    }
}