{
    "experiment_config": {
        "device": "cuda",
        "data_loading_option": "random_walk",
        "model_type": "GCN",
        "dataset": "Citeseer",
        "num_clients": 10,
        "beta": 10000,
        "hop": 1,
        "fulltraining_flag": false
    },
    "rounds": [
        {
            "round": 1,
            "global_result": 0.67,
            "client_result": 0.6049703272468365
        },
        {
            "round": 2,
            "global_result": 0.676,
            "client_result": 0.6246635892334003
        }
    ],
    "summary": {
        "global_results": [
            0.67,
            0.676
        ],
        "client_results": [
            0.6049703272468365,
            0.6246635892334003
        ],
        "average_global_result": 0.673,
        "average_client_result": 0.6148169582401184,
        "std_global": 0.0030000000000000027,
        "std_client": 0.009846630993281869
    }
}