{
    "experiment_config": {
        "device": "cuda",
        "data_loading_option": "diffusion",
        "model_type": "GCN",
        "dataset": "Citeseer",
        "num_clients": 10,
        "beta": 1000,
        "hop": 1,
        "fulltraining_flag": true
    },
    "rounds": [
        {
            "round": 1,
            "global_result": 0.686,
            "client_result": 0.21068735780279374
        },
        {
            "round": 2,
            "global_result": 0.672,
            "client_result": 0.20229443637273192
        },
        {
            "round": 3,
            "global_result": 0.649,
            "client_result": 0.19754088689964608
        }
    ],
    "summary": {
        "global_results": [
            0.686,
            0.672,
            0.649
        ],
        "client_results": [
            0.21068735780279374,
            0.20229443637273192,
            0.19754088689964608
        ],
        "average_global_result": 0.669,
        "average_client_result": 0.20350756035839057,
        "std_global": 0.015253414918196748,
        "std_client": 0.005435143460557552
    }
}