{
    "experiment_config": {
        "device": "cuda",
        "data_loading_option": "diffusion",
        "model_type": "GCN",
        "dataset": "Citeseer",
        "num_clients": 10,
        "beta": 1000,
        "hop": 1,
        "fulltraining_flag": true
    },
    "rounds": [
        {
            "round": 1,
            "global_result": 0.653,
            "client_result": 0.19297824031210323
        },
        {
            "round": 2,
            "global_result": 0.7,
            "client_result": 0.21057964124048242
        },
        {
            "round": 3,
            "global_result": 0.636,
            "client_result": 0.1939517119896867
        }
    ],
    "summary": {
        "global_results": [
            0.653,
            0.7,
            0.636
        ],
        "client_results": [
            0.19297824031210323,
            0.21057964124048242,
            0.1939517119896867
        ],
        "average_global_result": 0.6629999999999999,
        "average_client_result": 0.19916986451409077,
        "std_global": 0.027067816067549027,
        "std_client": 0.008077712773896068
    }
}