{
    "experiment_config": {
        "device": "cuda",
        "data_loading_option": "full",
        "model_type": "GCN",
        "dataset": "Citeseer",
        "num_clients": 10,
        "beta": 1000,
        "hop": 1,
        "fulltraining_flag": true
    },
    "rounds": [
        {
            "round": 1,
            "global_result": 0.23,
            "client_result": 0.2156325908146215
        },
        {
            "round": 2,
            "global_result": 0.252,
            "client_result": 0.21791391712249827
        },
        {
            "round": 3,
            "global_result": 0.211,
            "client_result": 0.21793792096046385
        }
    ],
    "summary": {
        "global_results": [
            0.23,
            0.252,
            0.211
        ],
        "client_results": [
            0.2156325908146215,
            0.21791391712249827,
            0.21793792096046385
        ],
        "average_global_result": 0.23099999999999998,
        "average_client_result": 0.21716147629919455,
        "std_global": 0.016753109164172088,
        "std_client": 0.00108112970691553
    }
}