{
    "experiment_config": {
        "device": "cuda",
        "data_loading_option": "random_walk",
        "model_type": "GCN",
        "dataset": "Cora",
        "num_clients": 10,
        "beta": 1,
        "hop": 1,
        "fulltraining_flag": false
    },
    "rounds": [
        {
            "round": 1,
            "global_result": 0.727,
            "client_result": 0.6878433325719624
        },
        {
            "round": 2,
            "global_result": 0.725,
            "client_result": 0.6921749919163964
        }
    ],
    "summary": {
        "global_results": [
            0.727,
            0.725
        ],
        "client_results": [
            0.6878433325719624,
            0.6921749919163964
        ],
        "average_global_result": 0.726,
        "average_client_result": 0.6900091622441794,
        "std_global": 0.0010000000000000009,
        "std_client": 0.0021658296722170123
    }
}