{
    "experiment_config": {
        "device": "cuda",
        "data_loading_option": "zero_hop",
        "model_type": "GCN",
        "dataset": "Citeseer",
        "num_clients": 10,
        "beta": 1000,
        "hop": 1,
        "fulltraining_flag": true
    },
    "rounds": [
        {
            "round": 1,
            "global_result": 0.643,
            "client_result": 0.5395746422250424
        },
        {
            "round": 2,
            "global_result": 0.648,
            "client_result": 0.548901019673443
        },
        {
            "round": 3,
            "global_result": 0.692,
            "client_result": 0.617704524653913
        }
    ],
    "summary": {
        "global_results": [
            0.643,
            0.648,
            0.692
        ],
        "client_results": [
            0.5395746422250424,
            0.548901019673443,
            0.617704524653913
        ],
        "average_global_result": 0.6609999999999999,
        "average_client_result": 0.5687267288507994,
        "std_global": 0.02201514630127779,
        "std_client": 0.03484119870092613
    }
}