{
    "experiment_config": {
        "device": "cuda",
        "data_loading_option": "full",
        "model_type": "GCN",
        "dataset": "Citeseer",
        "num_clients": 10,
        "beta": 1000,
        "hop": 1,
        "fulltraining_flag": true
    },
    "rounds": [
        {
            "round": 1,
            "global_result": 0.677,
            "client_result": 0.687464815569505
        },
        {
            "round": 2,
            "global_result": 0.65,
            "client_result": 0.6758329396938647
        },
        {
            "round": 3,
            "global_result": 0.672,
            "client_result": 0.6911977872783576
        }
    ],
    "summary": {
        "global_results": [
            0.677,
            0.65,
            0.672
        ],
        "client_results": [
            0.687464815569505,
            0.6758329396938647,
            0.6911977872783576
        ],
        "average_global_result": 0.6663333333333333,
        "average_client_result": 0.6848318475139091,
        "std_global": 0.011728408057172799,
        "std_client": 0.006543140220109169
    }
}