{
    "experiment_config": {
        "device": "cuda",
        "data_loading_option": "full",
        "model_type": "GCN",
        "dataset": "Cora",
        "num_clients": 10,
        "beta": 1000,
        "hop": 1,
        "fulltraining_flag": true
    },
    "rounds": [
        {
            "round": 1,
            "global_result": 0.197,
            "client_result": 0.15668825485534751
        },
        {
            "round": 2,
            "global_result": 0.142,
            "client_result": 0.10099578138253382
        },
        {
            "round": 3,
            "global_result": 0.127,
            "client_result": 0.13803990739854094
        }
    ],
    "summary": {
        "global_results": [
            0.197,
            0.142,
            0.127
        ],
        "client_results": [
            0.15668825485534751,
            0.10099578138253382,
            0.13803990739854094
        ],
        "average_global_result": 0.15533333333333332,
        "average_client_result": 0.13190798121214076,
        "std_global": 0.030092450142112984,
        "std_client": 0.0231461053519681
    }
}