{
    "experiment_config": {
        "device": "cuda",
        "data_loading_option": "propagation",
        "model_type": "GCN",
        "dataset": "Cora",
        "num_clients": 10,
        "beta": 1000,
        "hop": 1,
        "fulltraining_flag": true
    },
    "rounds": [
        {
            "round": 1,
            "global_result": 0.201,
            "client_result": 0.062309374937519965
        },
        {
            "round": 2,
            "global_result": 0.287,
            "client_result": 0.07286401111891858
        },
        {
            "round": 3,
            "global_result": 0.187,
            "client_result": 0.04061173322574157
        }
    ],
    "summary": {
        "global_results": [
            0.201,
            0.287,
            0.187
        ],
        "client_results": [
            0.062309374937519965,
            0.07286401111891858,
            0.04061173322574157
        ],
        "average_global_result": 0.225,
        "average_client_result": 0.0585950397607267,
        "std_global": 0.04421161235090466,
        "std_client": 0.013426331632997685
    }
}