{
    "experiment_config": {
        "device": "cuda",
        "data_loading_option": "zero_hop",
        "model_type": "GCN",
        "dataset": "Cora",
        "num_clients": 10,
        "beta": 1000,
        "hop": 1,
        "fulltraining_flag": true
    },
    "rounds": [
        {
            "round": 1,
            "global_result": 0.687,
            "client_result": 0.5244964364551093
        },
        {
            "round": 2,
            "global_result": 0.7,
            "client_result": 0.5159139265807653
        },
        {
            "round": 3,
            "global_result": 0.702,
            "client_result": 0.5381518013513322
        }
    ],
    "summary": {
        "global_results": [
            0.687,
            0.7,
            0.702
        ],
        "client_results": [
            0.5244964364551093,
            0.5159139265807653,
            0.5381518013513322
        ],
        "average_global_result": 0.6963333333333334,
        "average_client_result": 0.526187388129069,
        "std_global": 0.006649979114419956,
        "std_client": 0.009156973908834165
    }
}