{
    "experiment_config": {
        "device": "cuda",
        "data_loading_option": "zero",
        "model_type": "GCN",
        "dataset": "Citeseer",
        "num_clients": 10,
        "beta": 1000,
        "hop": 1,
        "fulltraining_flag": true
    },
    "rounds": [
        {
            "round": 1,
            "global_result": 0.203,
            "client_result": 0.05218511007787796
        },
        {
            "round": 2,
            "global_result": 0.204,
            "client_result": 0.05121253042912044
        },
        {
            "round": 3,
            "global_result": 0.159,
            "client_result": 0.03955114862922628
        }
    ],
    "summary": {
        "global_results": [
            0.203,
            0.204,
            0.159
        ],
        "client_results": [
            0.05218511007787796,
            0.05121253042912044,
            0.03955114862922628
        ],
        "average_global_result": 0.18866666666666668,
        "average_client_result": 0.04764959637874156,
        "std_global": 0.02098147330914162,
        "std_client": 0.005740216009699527
    }
}