{
    "experiment_config": {
        "device": "cuda",
        "data_loading_option": "random_walk",
        "model_type": "GCN",
        "dataset": "Pubmed",
        "num_clients": 10,
        "beta": 1,
        "hop": 1,
        "fulltraining_flag": false
    },
    "rounds": [
        {
            "round": 1,
            "global_result": 0.686,
            "client_result": 0.6557690829049088
        },
        {
            "round": 2,
            "global_result": 0.689,
            "client_result": 0.6587362179917146
        }
    ],
    "summary": {
        "global_results": [
            0.686,
            0.689
        ],
        "client_results": [
            0.6557690829049088,
            0.6587362179917146
        ],
        "average_global_result": 0.6875,
        "average_client_result": 0.6572526504483116,
        "std_global": 0.0014999999999999458,
        "std_client": 0.0014835675434028972
    }
}