{
    "experiment_config": {
        "device": "cuda",
        "data_loading_option": "full",
        "model_type": "GCN",
        "dataset": "Pubmed",
        "num_clients": 10,
        "beta": 1,
        "hop": 1,
        "fulltraining_flag": false
    },
    "rounds": [
        {
            "round": 1,
            "global_result": 0.74,
            "client_result": 0.750937373084446
        },
        {
            "round": 2,
            "global_result": 0.708,
            "client_result": 0.721233058580573
        }
    ],
    "summary": {
        "global_results": [
            0.74,
            0.708
        ],
        "client_results": [
            0.750937373084446,
            0.721233058580573
        ],
        "average_global_result": 0.724,
        "average_client_result": 0.7360852158325095,
        "std_global": 0.016000000000000014,
        "std_client": 0.014852157251936504
    }
}