{
    "experiment_config": {
        "device": "cuda",
        "data_loading_option": "full",
        "model_type": "GCN",
        "dataset": "Citeseer",
        "num_clients": 10,
        "beta": 1,
        "hop": 1,
        "fulltraining_flag": false
    },
    "rounds": [
        {
            "round": 1,
            "global_result": 0.64,
            "client_result": 0.6341913083606969
        },
        {
            "round": 2,
            "global_result": 0.647,
            "client_result": 0.6445614964796619
        }
    ],
    "summary": {
        "global_results": [
            0.64,
            0.647
        ],
        "client_results": [
            0.6341913083606969,
            0.6445614964796619
        ],
        "average_global_result": 0.6435,
        "average_client_result": 0.6393764024201793,
        "std_global": 0.003500000000000003,
        "std_client": 0.005185094059482476
    }
}