{
    "experiment_config": {
        "device": "cuda",
        "data_loading_option": "full",
        "model_type": "GCN",
        "dataset": "Cora",
        "num_clients": 10,
        "beta": 1,
        "hop": 1,
        "fulltraining_flag": false
    },
    "rounds": [
        {
            "round": 1,
            "global_result": 0.707,
            "client_result": 0.706723878480576
        },
        {
            "round": 2,
            "global_result": 0.717,
            "client_result": 0.7200404074053611
        }
    ],
    "summary": {
        "global_results": [
            0.707,
            0.717
        ],
        "client_results": [
            0.706723878480576,
            0.7200404074053611
        ],
        "average_global_result": 0.712,
        "average_client_result": 0.7133821429429685,
        "std_global": 0.0050000000000000044,
        "std_client": 0.006658264462392538
    }
}