{
    "experiment_config": {
        "device": "cuda",
        "data_loading_option": "random_walk",
        "model_type": "GCN",
        "dataset": "Pubmed",
        "num_clients": 10,
        "beta": 1000,
        "hop": 1,
        "fulltraining_flag": true
    },
    "rounds": [
        {
            "round": 1,
            "global_result": 0.346,
            "client_result": 0.06807893403098755
        },
        {
            "round": 2,
            "global_result": 0.359,
            "client_result": 0.10084663409179775
        },
        {
            "round": 3,
            "global_result": 0.426,
            "client_result": 0.08249811242969231
        }
    ],
    "summary": {
        "global_results": [
            0.346,
            0.359,
            0.426
        ],
        "client_results": [
            0.06807893403098755,
            0.10084663409179775,
            0.08249811242969231
        ],
        "average_global_result": 0.377,
        "average_client_result": 0.08380789351749253,
        "std_global": 0.035052341814302036,
        "std_client": 0.013409379470909522
    }
}