{
    "experiment_config": {
        "device": "cuda",
        "data_loading_option": "diffusion",
        "model_type": "GCN",
        "dataset": "Pubmed",
        "num_clients": 10,
        "beta": 1000,
        "hop": 1,
        "fulltraining_flag": true
    },
    "rounds": [
        {
            "round": 1,
            "global_result": 0.233,
            "client_result": 0.05114379956017345
        },
        {
            "round": 2,
            "global_result": 0.368,
            "client_result": 0.10018843548199481
        },
        {
            "round": 3,
            "global_result": 0.374,
            "client_result": 0.08377175385200451
        }
    ],
    "summary": {
        "global_results": [
            0.233,
            0.368,
            0.374
        ],
        "client_results": [
            0.05114379956017345,
            0.10018843548199481,
            0.08377175385200451
        ],
        "average_global_result": 0.325,
        "average_client_result": 0.07836799629805759,
        "std_global": 0.06509992319503917,
        "std_client": 0.02038372757785617
    }
}