{
    "experiment_config": {
        "device": "cuda",
        "data_loading_option": "adjacency",
        "model_type": "GCN",
        "dataset": "Citeseer",
        "num_clients": 10,
        "beta": 10000,
        "hop": 1,
        "fulltraining_flag": false
    },
    "rounds": [
        {
            "round": 1,
            "global_result": 0.687,
            "client_result": 0.610830969255323
        },
        {
            "round": 2,
            "global_result": 0.654,
            "client_result": 0.591290736825065
        }
    ],
    "summary": {
        "global_results": [
            0.687,
            0.654
        ],
        "client_results": [
            0.610830969255323,
            0.591290736825065
        ],
        "average_global_result": 0.6705000000000001,
        "average_client_result": 0.601060853040194,
        "std_global": 0.016500000000000015,
        "std_client": 0.009770116215128966
    }
}