{
    "experiment_config": {
        "device": "cuda",
        "data_loading_option": "zero_hop",
        "model_type": "GCN",
        "dataset": "Citeseer",
        "num_clients": 10,
        "beta": 10000,
        "hop": 1,
        "fulltraining_flag": false
    },
    "rounds": [
        {
            "round": 1,
            "global_result": 0.697,
            "client_result": 0.6139638073443601
        },
        {
            "round": 2,
            "global_result": 0.674,
            "client_result": 0.6089851834223249
        }
    ],
    "summary": {
        "global_results": [
            0.697,
            0.674
        ],
        "client_results": [
            0.6139638073443601,
            0.6089851834223249
        ],
        "average_global_result": 0.6855,
        "average_client_result": 0.6114744953833424,
        "std_global": 0.011499999999999955,
        "std_client": 0.002489311961017593
    }
}