{
    "experiment_config": {
        "device": "cuda",
        "data_loading_option": "full",
        "model_type": "GCN",
        "dataset": "Pubmed",
        "num_clients": 10,
        "beta": 1000,
        "hop": 1,
        "fulltraining_flag": true
    },
    "rounds": [
        {
            "round": 1,
            "global_result": 0.18,
            "client_result": 0.17194098056558899
        },
        {
            "round": 2,
            "global_result": 0.18,
            "client_result": 0.17194098056558899
        },
        {
            "round": 3,
            "global_result": 0.18,
            "client_result": 0.17194098056558899
        }
    ],
    "summary": {
        "global_results": [
            0.18,
            0.18,
            0.18
        ],
        "client_results": [
            0.17194098056558899,
            0.17194098056558899,
            0.17194098056558899
        ],
        "average_global_result": 0.18000000000000002,
        "average_client_result": 0.171940980565589,
        "std_global": 2.7755575615628914e-17,
        "std_client": 2.7755575615628914e-17
    }
}