{
    "experiment_config": {
        "device": "cuda",
        "data_loading_option": "full",
        "model_type": "GCN",
        "dataset": "Cora",
        "num_clients": 10,
        "beta": 1,
        "hop": 1,
        "fulltraining_flag": false
    },
    "rounds": [
        {
            "round": 1,
            "global_result": 0.805,
            "client_result": 0.8019366071764058
        },
        {
            "round": 2,
            "global_result": 0.807,
            "client_result": 0.8121593344239157
        }
    ],
    "summary": {
        "global_results": [
            0.805,
            0.807
        ],
        "client_results": [
            0.8019366071764058,
            0.8121593344239157
        ],
        "average_global_result": 0.806,
        "average_client_result": 0.8070479708001608,
        "std_global": 0.0010000000000000009,
        "std_client": 0.005111363623754972
    }
}