{
    "experiment_config": {
        "device": "cuda",
        "data_loading_option": "zero_hop",
        "model_type": "GCN",
        "dataset": "Cora",
        "num_clients": 10,
        "beta": 1000,
        "hop": 1,
        "fulltraining_flag": true
    },
    "rounds": [
        {
            "round": 1,
            "global_result": 0.716,
            "client_result": 0.5347046650712256
        },
        {
            "round": 2,
            "global_result": 0.704,
            "client_result": 0.521003891574853
        },
        {
            "round": 3,
            "global_result": 0.7,
            "client_result": 0.5173192288302542
        }
    ],
    "summary": {
        "global_results": [
            0.716,
            0.704,
            0.7
        ],
        "client_results": [
            0.5347046650712256,
            0.521003891574853,
            0.5173192288302542
        ],
        "average_global_result": 0.7066666666666667,
        "average_client_result": 0.5243425951587776,
        "std_global": 0.006798692684790386,
        "std_client": 0.0074799088469581325
    }
}