{
    "experiment_config": {
        "device": "cuda",
        "data_loading_option": "diffusion",
        "model_type": "GCN",
        "dataset": "Citeseer",
        "num_clients": 10,
        "beta": 1000,
        "hop": 1,
        "fulltraining_flag": true
    },
    "rounds": [
        {
            "round": 1,
            "global_result": 0.266,
            "client_result": 0.07573463279564165
        },
        {
            "round": 2,
            "global_result": 0.286,
            "client_result": 0.08002148946159471
        },
        {
            "round": 3,
            "global_result": 0.234,
            "client_result": 0.05154586376245378
        }
    ],
    "summary": {
        "global_results": [
            0.266,
            0.286,
            0.234
        ],
        "client_results": [
            0.07573463279564165,
            0.08002148946159471,
            0.05154586376245378
        ],
        "average_global_result": 0.262,
        "average_client_result": 0.06910066200656338,
        "std_global": 0.021416504538945332,
        "std_client": 0.012535881595435073
    }
}