{
    "experiment_config": {
        "device": "cuda",
        "data_loading_option": "diffusion",
        "model_type": "GCN",
        "dataset": "Cora",
        "num_clients": 10,
        "beta": 0.001,
        "hop": 1,
        "fulltraining_flag": false
    },
    "rounds": [
        {
            "round": 1,
            "global_result": 0.823,
            "client_result": 0.8872650138883719
        },
        {
            "round": 2,
            "global_result": 0.801,
            "client_result": 0.8834078964687544
        },
        {
            "round": 3,
            "global_result": 0.813,
            "client_result": 0.8837108268086636
        }
    ],
    "summary": {
        "global_results": [
            0.823,
            0.801,
            0.813
        ],
        "client_results": [
            0.8872650138883719,
            0.8834078964687544,
            0.8837108268086636
        ],
        "average_global_result": 0.8123333333333335,
        "average_client_result": 0.8847945790552633,
        "std_global": 0.008993825042154655,
        "std_client": 0.00175123345030229
    }
}