{
    "experiment_config": {
        "device": "cuda",
        "data_loading_option": "zero_hop",
        "model_type": "GCN",
        "dataset": "Cora",
        "num_clients": 10,
        "beta": 1000,
        "hop": 1,
        "fulltraining_flag": true
    },
    "rounds": [
        {
            "round": 1,
            "global_result": 0.225,
            "client_result": 0.15410226807900113
        },
        {
            "round": 2,
            "global_result": 0.184,
            "client_result": 0.2608365636750154
        },
        {
            "round": 3,
            "global_result": 0.211,
            "client_result": 0.16891122239648937
        }
    ],
    "summary": {
        "global_results": [
            0.225,
            0.184,
            0.211
        ],
        "client_results": [
            0.15410226807900113,
            0.2608365636750154,
            0.16891122239648937
        ],
        "average_global_result": 0.20666666666666667,
        "average_client_result": 0.19461668471683527,
        "std_global": 0.017016332024133628,
        "std_client": 0.04721320831378568
    }
}