{
    "experiment_config": {
        "device": "cuda",
        "data_loading_option": "random_walk",
        "model_type": "GCN",
        "dataset": "Citeseer",
        "num_clients": 10,
        "beta": 1,
        "hop": 1,
        "fulltraining_flag": false
    },
    "rounds": [
        {
            "round": 1,
            "global_result": 0.711,
            "client_result": 0.6768082890095216
        },
        {
            "round": 2,
            "global_result": 0.698,
            "client_result": 0.665688739464062
        }
    ],
    "summary": {
        "global_results": [
            0.711,
            0.698
        ],
        "client_results": [
            0.6768082890095216,
            0.665688739464062
        ],
        "average_global_result": 0.7044999999999999,
        "average_client_result": 0.6712485142367919,
        "std_global": 0.006500000000000006,
        "std_client": 0.005559774772729786
    }
}