{
    "experiment_config": {
        "device": "cuda",
        "data_loading_option": "diffusion",
        "model_type": "GCN",
        "dataset": "Pubmed",
        "num_clients": 10,
        "beta": 1,
        "hop": 1,
        "fulltraining_flag": false
    },
    "rounds": [
        {
            "round": 1,
            "global_result": 0.68,
            "client_result": 0.6599573850319174
        },
        {
            "round": 2,
            "global_result": 0.599,
            "client_result": 0.5740890110059306
        }
    ],
    "summary": {
        "global_results": [
            0.68,
            0.599
        ],
        "client_results": [
            0.6599573850319174,
            0.5740890110059306
        ],
        "average_global_result": 0.6395,
        "average_client_result": 0.617023198018924,
        "std_global": 0.040500000000000036,
        "std_client": 0.0429341870129934
    }
}