{
    "experiment_config": {
        "device": "cuda",
        "data_loading_option": "random_walk",
        "model_type": "GCN",
        "dataset": "Pubmed",
        "num_clients": 10,
        "beta": 1,
        "hop": 1,
        "fulltraining_flag": false
    },
    "rounds": [
        {
            "round": 1,
            "global_result": 0.59,
            "client_result": 0.5919230770891379
        },
        {
            "round": 2,
            "global_result": 0.584,
            "client_result": 0.5707485047814258
        }
    ],
    "summary": {
        "global_results": [
            0.59,
            0.584
        ],
        "client_results": [
            0.5919230770891379,
            0.5707485047814258
        ],
        "average_global_result": 0.587,
        "average_client_result": 0.5813357909352819,
        "std_global": 0.0030000000000000027,
        "std_client": 0.010587286153856068
    }
}