{
    "experiment_config": {
        "device": "cuda",
        "data_loading_option": "zero_hop",
        "model_type": "GCN",
        "dataset": "Pubmed",
        "num_clients": 10,
        "beta": 1,
        "hop": 1,
        "fulltraining_flag": false
    },
    "rounds": [
        {
            "round": 1,
            "global_result": 0.519,
            "client_result": 0.49527683923512855
        },
        {
            "round": 2,
            "global_result": 0.506,
            "client_result": 0.5054785293566334
        }
    ],
    "summary": {
        "global_results": [
            0.519,
            0.506
        ],
        "client_results": [
            0.49527683923512855,
            0.5054785293566334
        ],
        "average_global_result": 0.5125,
        "average_client_result": 0.5003776842958809,
        "std_global": 0.006500000000000006,
        "std_client": 0.005100845060752424
    }
}