{
    "experiment_config": {
        "device": "cuda",
        "data_loading_option": "zero",
        "model_type": "GCN",
        "dataset": "Citeseer",
        "num_clients": 10,
        "beta": 1,
        "hop": 1,
        "fulltraining_flag": false
    },
    "rounds": [
        {
            "round": 1,
            "global_result": 0.559,
            "client_result": 0.5077875862485332
        },
        {
            "round": 2,
            "global_result": 0.585,
            "client_result": 0.5053874801774005
        }
    ],
    "summary": {
        "global_results": [
            0.559,
            0.585
        ],
        "client_results": [
            0.5077875862485332,
            0.5053874801774005
        ],
        "average_global_result": 0.5720000000000001,
        "average_client_result": 0.5065875332129668,
        "std_global": 0.012999999999999956,
        "std_client": 0.0012000530355663064
    }
}