{
    "experiment_config": {
        "device": "cuda",
        "data_loading_option": "efficient",
        "model_type": "GCN",
        "dataset": "Cora",
        "num_clients": 10,
        "beta": 1,
        "hop": 1,
        "fulltraining_flag": false
    },
    "rounds": [
        {
            "round": 1,
            "global_result": 0.798,
            "client_result": 0.7832128158626444
        },
        {
            "round": 2,
            "global_result": 0.795,
            "client_result": 0.7804974912856875
        }
    ],
    "summary": {
        "global_results": [
            0.798,
            0.795
        ],
        "client_results": [
            0.7832128158626444,
            0.7804974912856875
        ],
        "average_global_result": 0.7965,
        "average_client_result": 0.7818551535741659,
        "std_global": 0.0015000000000000013,
        "std_client": 0.001357662288478445
    }
}