{
    "experiment_config": {
        "device": "cuda",
        "data_loading_option": "zero_hop",
        "model_type": "GCN",
        "dataset": "Citeseer",
        "num_clients": 10,
        "beta": 1000,
        "hop": 1,
        "fulltraining_flag": true
    },
    "rounds": [
        {
            "round": 1,
            "global_result": 0.638,
            "client_result": 0.5492276761108597
        },
        {
            "round": 2,
            "global_result": 0.672,
            "client_result": 0.5875029489439847
        },
        {
            "round": 3,
            "global_result": 0.584,
            "client_result": 0.5200740356226736
        }
    ],
    "summary": {
        "global_results": [
            0.638,
            0.672,
            0.584
        ],
        "client_results": [
            0.5492276761108597,
            0.5875029489439847,
            0.5200740356226736
        ],
        "average_global_result": 0.6313333333333334,
        "average_client_result": 0.5522682202258393,
        "std_global": 0.03623380864453654,
        "std_client": 0.027611570875384513
    }
}