{
    "experiment_config": {
        "device": "cuda",
        "data_loading_option": "adjacency",
        "model_type": "GCN",
        "dataset": "Cora",
        "num_clients": 10,
        "beta": 10000,
        "hop": 1,
        "fulltraining_flag": false
    },
    "rounds": [
        {
            "round": 1,
            "global_result": 0.723,
            "client_result": 0.6224480814196456
        },
        {
            "round": 2,
            "global_result": 0.694,
            "client_result": 0.611849037633961
        }
    ],
    "summary": {
        "global_results": [
            0.723,
            0.694
        ],
        "client_results": [
            0.6224480814196456,
            0.611849037633961
        ],
        "average_global_result": 0.7084999999999999,
        "average_client_result": 0.6171485595268034,
        "std_global": 0.014500000000000013,
        "std_client": 0.005299521892842274
    }
}