{
    "experiment_config": {
        "device": "cuda",
        "data_loading_option": "zero_hop",
        "model_type": "GCN",
        "dataset": "Pubmed",
        "num_clients": 10,
        "beta": 1,
        "hop": 1,
        "fulltraining_flag": false
    },
    "rounds": [
        {
            "round": 1,
            "global_result": 0.665,
            "client_result": 0.672785591673698
        },
        {
            "round": 2,
            "global_result": 0.628,
            "client_result": 0.671460416369549
        }
    ],
    "summary": {
        "global_results": [
            0.665,
            0.628
        ],
        "client_results": [
            0.672785591673698,
            0.671460416369549
        ],
        "average_global_result": 0.6465000000000001,
        "average_client_result": 0.6721230040216235,
        "std_global": 0.018500000000000016,
        "std_client": 0.0006625876520744978
    }
}