{
    "experiment_config": {
        "device": "cuda",
        "data_loading_option": "zero",
        "model_type": "GCN",
        "dataset": "Cora",
        "num_clients": 10,
        "beta": 1,
        "hop": 1,
        "fulltraining_flag": false
    },
    "rounds": [
        {
            "round": 1,
            "global_result": 0.748,
            "client_result": 0.6974140091506322
        },
        {
            "round": 2,
            "global_result": 0.77,
            "client_result": 0.6950037078197893
        }
    ],
    "summary": {
        "global_results": [
            0.748,
            0.77
        ],
        "client_results": [
            0.6974140091506322,
            0.6950037078197893
        ],
        "average_global_result": 0.759,
        "average_client_result": 0.6962088584852107,
        "std_global": 0.01100000000000001,
        "std_client": 0.0012051506654214839
    }
}