{
    "experiment_config": {
        "device": "cuda",
        "data_loading_option": "zero_hop",
        "model_type": "GCN",
        "dataset": "Citeseer",
        "num_clients": 10,
        "beta": 1,
        "hop": 1,
        "fulltraining_flag": false
    },
    "rounds": [
        {
            "round": 1,
            "global_result": 0.684,
            "client_result": 0.6161852847140301
        },
        {
            "round": 2,
            "global_result": 0.685,
            "client_result": 0.633999832328114
        }
    ],
    "summary": {
        "global_results": [
            0.684,
            0.685
        ],
        "client_results": [
            0.6161852847140301,
            0.633999832328114
        ],
        "average_global_result": 0.6845000000000001,
        "average_client_result": 0.625092558521072,
        "std_global": 0.0005000000000000004,
        "std_client": 0.008907273807041927
    }
}