{
    "experiment_config": {
        "device": "cuda",
        "data_loading_option": "full",
        "model_type": "GCN",
        "dataset": "Cora",
        "num_clients": 10,
        "beta": 0.001,
        "hop": 1,
        "fulltraining_flag": false
    },
    "rounds": [
        {
            "round": 1,
            "global_result": 0.148,
            "client_result": 0.22549999999999998
        },
        {
            "round": 2,
            "global_result": 0.146,
            "client_result": 0.22549999999999998
        },
        {
            "round": 3,
            "global_result": 0.179,
            "client_result": 0.22966321406151913
        }
    ],
    "summary": {
        "global_results": [
            0.148,
            0.146,
            0.179
        ],
        "client_results": [
            0.22549999999999998,
            0.22549999999999998,
            0.22966321406151913
        ],
        "average_global_result": 0.15766666666666665,
        "average_client_result": 0.22688773802050635,
        "std_global": 0.015107025591499547,
        "std_client": 0.001962557929620919
    }
}