{
    "experiment_config": {
        "device": "cuda",
        "data_loading_option": "full",
        "model_type": "GCN",
        "dataset": "Cora",
        "num_clients": 10,
        "beta": 1000,
        "hop": 1,
        "fulltraining_flag": true
    },
    "rounds": [
        {
            "round": 1,
            "global_result": 0.69,
            "client_result": 0.6960674235145002
        },
        {
            "round": 2,
            "global_result": 0.611,
            "client_result": 0.6176755179566273
        },
        {
            "round": 3,
            "global_result": 0.681,
            "client_result": 0.6901445361901586
        }
    ],
    "summary": {
        "global_results": [
            0.69,
            0.611,
            0.681
        ],
        "client_results": [
            0.6960674235145002,
            0.6176755179566273,
            0.6901445361901586
        ],
        "average_global_result": 0.6606666666666666,
        "average_client_result": 0.667962492553762,
        "std_global": 0.035311313893551015,
        "std_client": 0.035640379806841434
    }
}