{
    "experiment_config": {
        "device": "cuda",
        "data_loading_option": "full",
        "model_type": "GCN",
        "dataset": "Cora",
        "num_clients": 10,
        "beta": 10000,
        "hop": 1,
        "fulltraining_flag": false
    },
    "rounds": [
        {
            "round": 1,
            "global_result": 0.78,
            "client_result": 0.7741234505855898
        },
        {
            "round": 2,
            "global_result": 0.75,
            "client_result": 0.7211996548903384
        }
    ],
    "summary": {
        "global_results": [
            0.78,
            0.75
        ],
        "client_results": [
            0.7741234505855898,
            0.7211996548903384
        ],
        "average_global_result": 0.765,
        "average_client_result": 0.7476615527379642,
        "std_global": 0.015000000000000013,
        "std_client": 0.026461897847625704
    }
}