{
    "experiment_config": {
        "device": "cuda",
        "data_loading_option": "efficient",
        "model_type": "GCN",
        "dataset": "Pubmed",
        "num_clients": 10,
        "beta": 1000,
        "hop": 1,
        "fulltraining_flag": true
    },
    "rounds": [
        {
            "round": 1,
            "global_result": 0.368,
            "client_result": 0.07612959180476483
        },
        {
            "round": 2,
            "global_result": 0.429,
            "client_result": 0.1210436418767552
        },
        {
            "round": 3,
            "global_result": 0.39,
            "client_result": 0.09325460682863415
        }
    ],
    "summary": {
        "global_results": [
            0.368,
            0.429,
            0.39
        ],
        "client_results": [
            0.07612959180476483,
            0.1210436418767552,
            0.09325460682863415
        ],
        "average_global_result": 0.3956666666666666,
        "average_client_result": 0.0968092801700514,
        "std_global": 0.02522344588319015,
        "std_client": 0.018507561524783167
    }
}