{
    "experiment_config": {
        "device": "cuda",
        "data_loading_option": "full",
        "model_type": "GCN",
        "dataset": "Cora",
        "num_clients": 10,
        "beta": 1000,
        "hop": 1,
        "fulltraining_flag": true
    },
    "rounds": [
        {
            "round": 1,
            "global_result": 0.176,
            "client_result": 0.17865917830671493
        },
        {
            "round": 2,
            "global_result": 0.163,
            "client_result": 0.1395756284266693
        },
        {
            "round": 3,
            "global_result": 0.185,
            "client_result": 0.15813017485604258
        }
    ],
    "summary": {
        "global_results": [
            0.176,
            0.163,
            0.185
        ],
        "client_results": [
            0.17865917830671493,
            0.1395756284266693,
            0.15813017485604258
        ],
        "average_global_result": 0.17466666666666666,
        "average_client_result": 0.1587883271964756,
        "std_global": 0.00903081145609604,
        "std_client": 0.01596257792847419
    }
}