{
    "experiment_config": {
        "device": "cuda",
        "data_loading_option": "adjacency",
        "model_type": "GCN",
        "dataset": "Cora",
        "num_clients": 10,
        "beta": 1,
        "hop": 1,
        "fulltraining_flag": false
    },
    "rounds": [
        {
            "round": 1,
            "global_result": 0.781,
            "client_result": 0.7688596538355645
        },
        {
            "round": 2,
            "global_result": 0.792,
            "client_result": 0.7742200406661317
        }
    ],
    "summary": {
        "global_results": [
            0.781,
            0.792
        ],
        "client_results": [
            0.7688596538355645,
            0.7742200406661317
        ],
        "average_global_result": 0.7865,
        "average_client_result": 0.7715398472508481,
        "std_global": 0.005500000000000005,
        "std_client": 0.0026801934152835827
    }
}