{
    "experiment_config": {
        "device": "cuda",
        "data_loading_option": "adjacency",
        "model_type": "GCN",
        "dataset": "Pubmed",
        "num_clients": 10,
        "beta": 1,
        "hop": 1,
        "fulltraining_flag": false
    },
    "rounds": [
        {
            "round": 1,
            "global_result": 0.598,
            "client_result": 0.6166493903557402
        },
        {
            "round": 2,
            "global_result": 0.615,
            "client_result": 0.6231361446605226
        }
    ],
    "summary": {
        "global_results": [
            0.598,
            0.615
        ],
        "client_results": [
            0.6166493903557402,
            0.6231361446605226
        ],
        "average_global_result": 0.6065,
        "average_client_result": 0.6198927675081314,
        "std_global": 0.008500000000000008,
        "std_client": 0.0032433771523912025
    }
}