{
    "experiment_config": {
        "device": "cuda",
        "data_loading_option": "random_walk",
        "model_type": "GCN",
        "dataset": "Cora",
        "num_clients": 10,
        "beta": 1,
        "hop": 1,
        "fulltraining_flag": false
    },
    "rounds": [
        {
            "round": 1,
            "global_result": 0.803,
            "client_result": 0.7809405647678515
        },
        {
            "round": 2,
            "global_result": 0.793,
            "client_result": 0.7725983278870351
        }
    ],
    "summary": {
        "global_results": [
            0.803,
            0.793
        ],
        "client_results": [
            0.7809405647678515,
            0.7725983278870351
        ],
        "average_global_result": 0.798,
        "average_client_result": 0.7767694463274433,
        "std_global": 0.0050000000000000044,
        "std_client": 0.004171118440408184
    }
}