{
    "experiment_config": {
        "device": "cuda",
        "data_loading_option": "zero_hop",
        "model_type": "GCN",
        "dataset": "Pubmed",
        "num_clients": 10,
        "beta": 1000,
        "hop": 1,
        "fulltraining_flag": true
    },
    "rounds": [
        {
            "round": 1,
            "global_result": 0.206,
            "client_result": 0.20222392636701575
        },
        {
            "round": 2,
            "global_result": 0.391,
            "client_result": 0.4255843881037921
        },
        {
            "round": 3,
            "global_result": 0.417,
            "client_result": 0.406404539867159
        }
    ],
    "summary": {
        "global_results": [
            0.206,
            0.391,
            0.417
        ],
        "client_results": [
            0.20222392636701575,
            0.4255843881037921,
            0.406404539867159
        ],
        "average_global_result": 0.338,
        "average_client_result": 0.34473761811265563,
        "std_global": 0.09393969696920822,
        "std_client": 0.10107614586974686
    }
}