{
    "experiment_config": {
        "device": "cuda",
        "data_loading_option": "zero_hop",
        "model_type": "GCN",
        "dataset": "Cora",
        "num_clients": 10,
        "beta": 1,
        "hop": 1,
        "fulltraining_flag": false
    },
    "rounds": [
        {
            "round": 1,
            "global_result": 0.756,
            "client_result": 0.6877650497513261
        },
        {
            "round": 2,
            "global_result": 0.779,
            "client_result": 0.6870033918340364
        }
    ],
    "summary": {
        "global_results": [
            0.756,
            0.779
        ],
        "client_results": [
            0.6877650497513261,
            0.6870033918340364
        ],
        "average_global_result": 0.7675000000000001,
        "average_client_result": 0.6873842207926812,
        "std_global": 0.01150000000000001,
        "std_client": 0.0003808289586448854
    }
}