{
    "experiment_config": {
        "device": "cuda",
        "data_loading_option": "full",
        "model_type": "GCN",
        "dataset": "Cora",
        "num_clients": 10,
        "beta": 0.001,
        "hop": 1,
        "fulltraining_flag": false
    },
    "rounds": [
        {
            "round": 1,
            "global_result": 0.801,
            "client_result": 0.806347783674993
        },
        {
            "round": 2,
            "global_result": 0.81,
            "client_result": 0.8099873614400664
        },
        {
            "round": 3,
            "global_result": 0.773,
            "client_result": 0.8063596513053263
        }
    ],
    "summary": {
        "global_results": [
            0.801,
            0.81,
            0.773
        ],
        "client_results": [
            0.806347783674993,
            0.8099873614400664,
            0.8063596513053263
        ],
        "average_global_result": 0.7946666666666667,
        "average_client_result": 0.8075649321401285,
        "std_global": 0.015755069730795313,
        "std_client": 0.0017129230368117321
    }
}