{
    "experiment_config": {
        "device": "cuda",
        "data_loading_option": "zero",
        "model_type": "GCN",
        "dataset": "Cora",
        "num_clients": 10,
        "beta": 10000,
        "hop": 1,
        "fulltraining_flag": false
    },
    "rounds": [
        {
            "round": 1,
            "global_result": 0.481,
            "client_result": 0.3676302817434782
        },
        {
            "round": 2,
            "global_result": 0.563,
            "client_result": 0.437376771020336
        }
    ],
    "summary": {
        "global_results": [
            0.481,
            0.563
        ],
        "client_results": [
            0.3676302817434782,
            0.437376771020336
        ],
        "average_global_result": 0.522,
        "average_client_result": 0.4025035263819071,
        "std_global": 0.04099999999999998,
        "std_client": 0.03487324463842889
    }
}