{
    "experiment_config": {
        "device": "cuda",
        "data_loading_option": "random_walk",
        "model_type": "GCN",
        "dataset": "Cora",
        "num_clients": 10,
        "beta": 1000,
        "hop": 1,
        "fulltraining_flag": true
    },
    "rounds": [
        {
            "round": 1,
            "global_result": 0.249,
            "client_result": 0.06438552229263098
        },
        {
            "round": 2,
            "global_result": 0.29,
            "client_result": 0.06086344609319046
        },
        {
            "round": 3,
            "global_result": 0.317,
            "client_result": 0.08738443057932602
        }
    ],
    "summary": {
        "global_results": [
            0.249,
            0.29,
            0.317
        ],
        "client_results": [
            0.06438552229263098,
            0.06086344609319046,
            0.08738443057932602
        ],
        "average_global_result": 0.28533333333333327,
        "average_client_result": 0.07087779965504916,
        "std_global": 0.027956315128349007,
        "std_client": 0.011760184339297475
    }
}