{
    "experiment_config": {
        "device": "cuda",
        "data_loading_option": "zero_hop",
        "model_type": "GCN",
        "dataset": "Cora",
        "num_clients": 10,
        "beta": 1000,
        "hop": 1,
        "fulltraining_flag": true
    },
    "rounds": [
        {
            "round": 1,
            "global_result": 0.736,
            "client_result": 0.5816351929353335
        },
        {
            "round": 2,
            "global_result": 0.735,
            "client_result": 0.541418089804032
        },
        {
            "round": 3,
            "global_result": 0.687,
            "client_result": 0.5229753335099714
        }
    ],
    "summary": {
        "global_results": [
            0.736,
            0.735,
            0.687
        ],
        "client_results": [
            0.5816351929353335,
            0.541418089804032,
            0.5229753335099714
        ],
        "average_global_result": 0.7193333333333335,
        "average_client_result": 0.5486762054164457,
        "std_global": 0.02286676384818996,
        "std_client": 0.024491562610188602
    }
}