{
    "experiment_config": {
        "device": "cuda",
        "data_loading_option": "zero_hop",
        "model_type": "GCN",
        "dataset": "Cora",
        "num_clients": 10,
        "beta": 1000,
        "hop": 1,
        "fulltraining_flag": true
    },
    "rounds": [
        {
            "round": 1,
            "global_result": 0.192,
            "client_result": 0.29402076254928045
        },
        {
            "round": 2,
            "global_result": 0.272,
            "client_result": 0.19540793655255972
        },
        {
            "round": 3,
            "global_result": 0.242,
            "client_result": 0.3189191955355937
        }
    ],
    "summary": {
        "global_results": [
            0.192,
            0.272,
            0.242
        ],
        "client_results": [
            0.29402076254928045,
            0.19540793655255972,
            0.3189191955355937
        ],
        "average_global_result": 0.2353333333333333,
        "average_client_result": 0.26944929821247793,
        "std_global": 0.032998316455372226,
        "std_client": 0.053332763030083684
    }
}