{
    "experiment_config": {
        "device": "cuda",
        "data_loading_option": "zero_hop",
        "model_type": "GCN",
        "dataset": "Cora",
        "num_clients": 10,
        "beta": 1000,
        "hop": 1,
        "fulltraining_flag": true
    },
    "rounds": [
        {
            "round": 1,
            "global_result": 0.695,
            "client_result": 0.5298568563117855
        },
        {
            "round": 2,
            "global_result": 0.636,
            "client_result": 0.49479262909540556
        },
        {
            "round": 3,
            "global_result": 0.652,
            "client_result": 0.4932439315372988
        }
    ],
    "summary": {
        "global_results": [
            0.695,
            0.636,
            0.652
        ],
        "client_results": [
            0.5298568563117855,
            0.49479262909540556,
            0.4932439315372988
        ],
        "average_global_result": 0.661,
        "average_client_result": 0.5059644723148299,
        "std_global": 0.024913182588073034,
        "std_client": 0.016906293223237005
    }
}