{
    "experiment_config": {
        "device": "cuda",
        "data_loading_option": "zero",
        "model_type": "GCN",
        "dataset": "Cora",
        "num_clients": 10,
        "beta": 1,
        "hop": 1,
        "fulltraining_flag": false
    },
    "rounds": [
        {
            "round": 1,
            "global_result": 0.595,
            "client_result": 0.5197439933577608
        },
        {
            "round": 2,
            "global_result": 0.484,
            "client_result": 0.4975613020139993
        }
    ],
    "summary": {
        "global_results": [
            0.595,
            0.484
        ],
        "client_results": [
            0.5197439933577608,
            0.4975613020139993
        ],
        "average_global_result": 0.5395,
        "average_client_result": 0.50865264768588,
        "std_global": 0.055499999999999994,
        "std_client": 0.011091345671880748
    }
}