,client_id,training_losses,training_accuracies,validation_losses,epochs_data
0,0,"[1.9205925464630127, 1.9815990924835205]","[0.2, 0.325]",[],"[{'epoch': 0, 'round': 0, 'loss': 1.9205925464630127, 'accuracy': 0.2}, {'epoch': 0, 'round': 1, 'loss': 1.9815990924835205, 'accuracy': 0.325}]"
1,1,"[1.9372128248214722, 1.8933334350585938]","[0.15384615384615385, 0.40384615384615385]",[],"[{'epoch': 0, 'round': 0, 'loss': 1.9372128248214722, 'accuracy': 0.15384615384615385}, {'epoch': 0, 'round': 1, 'loss': 1.8933334350585938, 'accuracy': 0.40384615384615385}]"
2,2,"[1.9603484869003296, 1.716634750366211]","[0.08333333333333333, 0.4583333333333333]",[],"[{'epoch': 0, 'round': 0, 'loss': 1.9603484869003296, 'accuracy': 0.08333333333333333}, {'epoch': 0, 'round': 1, 'loss': 1.716634750366211, 'accuracy': 0.4583333333333333}]"
