,client_id,training_losses,training_accuracies,validation_losses,epochs_data
0,0,"[1.9485211372375488, 1.8062824010849, 1.9246140718460083, 1.7664083242416382, 1.8688582181930542, 1.7182930707931519]","[0.125, 0.375, 0.2916666666666667, 0.3958333333333333, 0.3333333333333333, 0.4166666666666667]",[],"[{'epoch': 0, 'round': 0, 'loss': 1.9485211372375488, 'accuracy': 0.125}, {'epoch': 1, 'round': 0, 'loss': 1.8062824010849, 'accuracy': 0.375}, {'epoch': 0, 'round': 1, 'loss': 1.9246140718460083, 'accuracy': 0.2916666666666667}, {'epoch': 1, 'round': 1, 'loss': 1.7664083242416382, 'accuracy': 0.3958333333333333}, {'epoch': 0, 'round': 2, 'loss': 1.8688582181930542, 'accuracy': 0.3333333333333333}, {'epoch': 1, 'round': 2, 'loss': 1.7182930707931519, 'accuracy': 0.4166666666666667}]"
1,1,"[1.9474672079086304, 1.8532776832580566, 1.9144002199172974, 1.80650794506073, 1.8915423154830933, 1.7929837703704834]","[0.07894736842105263, 0.39473684210526316, 0.15789473684210525, 0.34210526315789475, 0.2894736842105263, 0.4473684210526316]",[],"[{'epoch': 0, 'round': 0, 'loss': 1.9474672079086304, 'accuracy': 0.07894736842105263}, {'epoch': 1, 'round': 0, 'loss': 1.8532776832580566, 'accuracy': 0.39473684210526316}, {'epoch': 0, 'round': 1, 'loss': 1.9144002199172974, 'accuracy': 0.15789473684210525}, {'epoch': 1, 'round': 1, 'loss': 1.80650794506073, 'accuracy': 0.34210526315789475}, {'epoch': 0, 'round': 2, 'loss': 1.8915423154830933, 'accuracy': 0.2894736842105263}, {'epoch': 1, 'round': 2, 'loss': 1.7929837703704834, 'accuracy': 0.4473684210526316}]"
2,2,"[1.9650062322616577, 1.8453269004821777, 1.9353495836257935, 1.8300275802612305, 1.946151852607727, 1.8035775423049927]","[0.18518518518518517, 0.37037037037037035, 0.16666666666666666, 0.46296296296296297, 0.16666666666666666, 0.4444444444444444]",[],"[{'epoch': 0, 'round': 0, 'loss': 1.9650062322616577, 'accuracy': 0.18518518518518517}, {'epoch': 1, 'round': 0, 'loss': 1.8453269004821777, 'accuracy': 0.37037037037037035}, {'epoch': 0, 'round': 1, 'loss': 1.9353495836257935, 'accuracy': 0.16666666666666666}, {'epoch': 1, 'round': 1, 'loss': 1.8300275802612305, 'accuracy': 0.46296296296296297}, {'epoch': 0, 'round': 2, 'loss': 1.946151852607727, 'accuracy': 0.16666666666666666}, {'epoch': 1, 'round': 2, 'loss': 1.8035775423049927, 'accuracy': 0.4444444444444444}]"
