,client_id,training_losses,training_accuracies,validation_losses,epochs_data
0,0,"[1.916824460029602, 1.785132884979248, 1.8814374208450317, 1.7133315801620483, 1.8362393379211426, 1.6246682405471802]","[0.1875, 0.4583333333333333, 0.22916666666666666, 0.4375, 0.1875, 0.4375]",[],"[{'epoch': 0, 'round': 0, 'loss': 1.916824460029602, 'accuracy': 0.1875}, {'epoch': 1, 'round': 0, 'loss': 1.785132884979248, 'accuracy': 0.4583333333333333}, {'epoch': 0, 'round': 1, 'loss': 1.8814374208450317, 'accuracy': 0.22916666666666666}, {'epoch': 1, 'round': 1, 'loss': 1.7133315801620483, 'accuracy': 0.4375}, {'epoch': 0, 'round': 2, 'loss': 1.8362393379211426, 'accuracy': 0.1875}, {'epoch': 1, 'round': 2, 'loss': 1.6246682405471802, 'accuracy': 0.4375}]"
1,1,"[1.9615038633346558, 1.8384138345718384, 1.907892107963562, 1.8133891820907593, 1.9004114866256714, 1.7834113836288452]","[0.15789473684210525, 0.39473684210526316, 0.21052631578947367, 0.3684210526315789, 0.23684210526315788, 0.5526315789473685]",[],"[{'epoch': 0, 'round': 0, 'loss': 1.9615038633346558, 'accuracy': 0.15789473684210525}, {'epoch': 1, 'round': 0, 'loss': 1.8384138345718384, 'accuracy': 0.39473684210526316}, {'epoch': 0, 'round': 1, 'loss': 1.907892107963562, 'accuracy': 0.21052631578947367}, {'epoch': 1, 'round': 1, 'loss': 1.8133891820907593, 'accuracy': 0.3684210526315789}, {'epoch': 0, 'round': 2, 'loss': 1.9004114866256714, 'accuracy': 0.23684210526315788}, {'epoch': 1, 'round': 2, 'loss': 1.7834113836288452, 'accuracy': 0.5526315789473685}]"
2,2,"[1.9779525995254517, 1.8748383522033691, 1.9550836086273193, 1.8816920518875122, 1.9303312301635742, 1.8320343494415283]","[0.0, 0.3888888888888889, 0.037037037037037035, 0.2962962962962963, 0.09259259259259259, 0.35185185185185186]",[],"[{'epoch': 0, 'round': 0, 'loss': 1.9779525995254517, 'accuracy': 0.0}, {'epoch': 1, 'round': 0, 'loss': 1.8748383522033691, 'accuracy': 0.3888888888888889}, {'epoch': 0, 'round': 1, 'loss': 1.9550836086273193, 'accuracy': 0.037037037037037035}, {'epoch': 1, 'round': 1, 'loss': 1.8816920518875122, 'accuracy': 0.2962962962962963}, {'epoch': 0, 'round': 2, 'loss': 1.9303312301635742, 'accuracy': 0.09259259259259259}, {'epoch': 1, 'round': 2, 'loss': 1.8320343494415283, 'accuracy': 0.35185185185185186}]"
