,client_id,training_losses,training_accuracies,validation_losses,epochs_data
0,0,"[1.946310043334961, 1.8980354070663452]","[0.25, 0.325]",[],"[{'epoch': 0, 'round': 0, 'loss': 1.946310043334961, 'accuracy': 0.25}, {'epoch': 0, 'round': 1, 'loss': 1.8980354070663452, 'accuracy': 0.325}]"
1,1,"[1.9426053762435913, 1.922729253768921]","[0.17307692307692307, 0.19230769230769232]",[],"[{'epoch': 0, 'round': 0, 'loss': 1.9426053762435913, 'accuracy': 0.17307692307692307}, {'epoch': 0, 'round': 1, 'loss': 1.922729253768921, 'accuracy': 0.19230769230769232}]"
2,2,"[1.9620929956436157, 1.9241427183151245]","[0.14583333333333334, 0.25]",[],"[{'epoch': 0, 'round': 0, 'loss': 1.9620929956436157, 'accuracy': 0.14583333333333334}, {'epoch': 0, 'round': 1, 'loss': 1.9241427183151245, 'accuracy': 0.25}]"
