{
    "experiment_config": {
        "device": "cuda",
        "data_loading_option": "zero_hop",
        "model_type": "GCN",
        "dataset": "Cora",
        "num_clients": 10,
        "beta": 0.001,
        "hop": 1,
        "fulltraining_flag": false
    },
    "rounds": [
        {
            "round": 1,
            "global_result": 0.198,
            "client_result": 0.22549999999999998
        },
        {
            "round": 2,
            "global_result": 0.221,
            "client_result": 0.22549999999999998
        },
        {
            "round": 3,
            "global_result": 0.194,
            "client_result": 0.22549999999999998
        }
    ],
    "summary": {
        "global_results": [
            0.198,
            0.221,
            0.194
        ],
        "client_results": [
            0.22549999999999998,
            0.22549999999999998,
            0.22549999999999998
        ],
        "average_global_result": 0.20433333333333334,
        "average_client_result": 0.22549999999999995,
        "std_global": 0.011897712198383162,
        "std_client": 2.7755575615628914e-17
    }
}