{
    "experiment_config": {
        "device": "cuda",
        "data_loading_option": "propagation",
        "model_type": "GCN",
        "dataset": "Citeseer",
        "num_clients": 10,
        "beta": 1000,
        "hop": 1,
        "fulltraining_flag": true
    },
    "rounds": [
        {
            "round": 1,
            "global_result": 0.147,
            "client_result": 0.05154586376245378
        },
        {
            "round": 2,
            "global_result": 0.217,
            "client_result": 0.07393816644270618
        },
        {
            "round": 3,
            "global_result": 0.193,
            "client_result": 0.05588211361917361
        }
    ],
    "summary": {
        "global_results": [
            0.147,
            0.217,
            0.193
        ],
        "client_results": [
            0.05154586376245378,
            0.07393816644270618,
            0.05588211361917361
        ],
        "average_global_result": 0.18566666666666665,
        "average_client_result": 0.06045538127477786,
        "std_global": 0.029044027881055957,
        "std_client": 0.009696730982427588
    }
}