{
    "experiment_config": {
        "device": "cuda",
        "data_loading_option": "propagation",
        "model_type": "GCN",
        "dataset": "Pubmed",
        "num_clients": 10,
        "beta": 1,
        "hop": 1,
        "fulltraining_flag": false
    },
    "rounds": [
        {
            "round": 1,
            "global_result": 0.621,
            "client_result": 0.6232392194712173
        },
        {
            "round": 2,
            "global_result": 0.631,
            "client_result": 0.6441307742913436
        }
    ],
    "summary": {
        "global_results": [
            0.621,
            0.631
        ],
        "client_results": [
            0.6232392194712173,
            0.6441307742913436
        ],
        "average_global_result": 0.626,
        "average_client_result": 0.6336849968812804,
        "std_global": 0.0050000000000000044,
        "std_client": 0.01044577741006314
    }
}