{
    "experiment_config": {
        "device": "cuda",
        "data_loading_option": "efficient",
        "model_type": "GCN",
        "dataset": "Citeseer",
        "num_clients": 10,
        "beta": 1,
        "hop": 1,
        "fulltraining_flag": false
    },
    "rounds": [
        {
            "round": 1,
            "global_result": 0.643,
            "client_result": 0.6116128046663308
        },
        {
            "round": 2,
            "global_result": 0.648,
            "client_result": 0.6255778783095327
        }
    ],
    "summary": {
        "global_results": [
            0.643,
            0.648
        ],
        "client_results": [
            0.6116128046663308,
            0.6255778783095327
        ],
        "average_global_result": 0.6455,
        "average_client_result": 0.6185953414879317,
        "std_global": 0.0025000000000000022,
        "std_client": 0.006982536821600938
    }
}