{
    "experiment_config": {
        "device": "cuda",
        "data_loading_option": "random_walk",
        "model_type": "GCN",
        "dataset": "Cora",
        "num_clients": 10,
        "beta": 0.001,
        "hop": 1,
        "fulltraining_flag": false
    },
    "rounds": [
        {
            "round": 1,
            "global_result": 0.816,
            "client_result": 0.8768909263852249
        },
        {
            "round": 2,
            "global_result": 0.824,
            "client_result": 0.8760357166026722
        },
        {
            "round": 3,
            "global_result": 0.813,
            "client_result": 0.8808518207632974
        }
    ],
    "summary": {
        "global_results": [
            0.816,
            0.824,
            0.813
        ],
        "client_results": [
            0.8768909263852249,
            0.8760357166026722,
            0.8808518207632974
        ],
        "average_global_result": 0.8176666666666667,
        "average_client_result": 0.8779261545837315,
        "std_global": 0.004642796092394711,
        "std_client": 0.002098013010562637
    }
}