{
    "experiment_config": {
        "device": "cuda",
        "data_loading_option": "full",
        "model_type": "GCN",
        "dataset": "Pubmed",
        "num_clients": 10,
        "beta": 1,
        "hop": 1,
        "fulltraining_flag": false
    },
    "rounds": [
        {
            "round": 1,
            "global_result": 0.602,
            "client_result": 0.6606463091646285
        },
        {
            "round": 2,
            "global_result": 0.681,
            "client_result": 0.685128096708356
        }
    ],
    "summary": {
        "global_results": [
            0.602,
            0.681
        ],
        "client_results": [
            0.6606463091646285,
            0.685128096708356
        ],
        "average_global_result": 0.6415,
        "average_client_result": 0.6728872029364923,
        "std_global": 0.039500000000000035,
        "std_client": 0.012240893771863715
    }
}